experiment_id,metric_name,metric_value
EXP_001,accuracy,0.665
EXP_001,precision,0.3005181347150259
EXP_001,recall,0.6408839779005525
EXP_001,f1_score,0.4091710758377425
EXP_001,roc_auc,0.7148591126491679
EXP_001,pr_auc,0.40875002087274037
EXP_001,log_loss,0.6198332255842788
